kuwait-avenues-entrance.jpg	Avenues Mall Parking lot.jpg	https://upload.wikimedia.org/wikipedia/commons/thumb/c/cd/Avenues_Mall_Parking_lot.jpg/960px-Avenues_Mall_Parking_lot.jpg
kuwait-souq-sharq-facade.jpg	Kuwait City Souq Sharq 02.jpg	(existing)
kuwait-mall-360-zahra.jpg	Sunset view from in 360 Mall.jpg	https://upload.wikimedia.org/wikipedia/commons/thumb/6/69/Sunset_view_from_in_360_Mall.jpg/960px-Sunset_view_from_in_360_Mall.jpg
kuwait-mubarakiya-day.jpg	Kuwait City Souq al-Mubarakeya 1.jpg	(existing)
kuwait-marina-mall-exterior.jpg	Kuwaitmarinemallview.jpg	https://upload.wikimedia.org/wikipedia/commons/9/9c/Kuwaitmarinemallview.jpg
kuwait-al-kout-fahaheel.jpg	Al kouth mall kuwait (2).jpg	https://upload.wikimedia.org/wikipedia/commons/thumb/7/7e/Al_kouth_mall_kuwait_%282%29.jpg/960px-Al_kouth_mall_kuwait_%282%29.jpg
kuwait-avenues-grand-avenue.jpg	Grand Avenue in Kuwait - 2.jpg	(existing)
kuwait-marina-mall-salmiya.png	Marina Mall - Salmiya.png	(existing)
kuwait-avenues-prestige.jpg	Grand Avenue in Kuwait.jpg	https://upload.wikimedia.org/wikipedia/commons/thumb/2/24/Grand_Avenue_in_Kuwait.jpg/960px-Grand_Avenue_in_Kuwait.jpg
kuwait-souq-sharq-marina-panorama.jpg	Marina Souq Sharq, ciudad de Kuwait, Kuwait, 2024-08-12, DD 22-27 PAN.jpg	(existing)
kuwait-avenues-exterior-2007.jpg	The Avenues Kuwait (cropped).jpg	https://upload.wikimedia.org/wikipedia/commons/thumb/9/98/The_Avenues_Kuwait_%28cropped%29.jpg/960px-The_Avenues_Kuwait_%28cropped%29.jpg
kuwait-marina-mall-bridge.jpg	Marina Mall Bridge, Kuwait.jpg	(existing)
kuwait-avenues-grand-interior.jpg	Grand avenus.jpg	(existing)
kuwait-mubarakiya-night.jpg	Kuwait City Souq al-Mubarakeya at Night 01.jpg	(existing)
